"DESCRIPTION","DURATION IN MS","NAME","PARENT SUITE","START TIME","STATUS","STOP TIME","SUB SUITE","SUITE","TEST CLASS","TEST METHOD"
"","3596","TS_039 Order Completion - Verify Order Confirmation Message","chromium","2026-09-07","passed","2026-09-07","SauceDemo Detailed Scenarios (TS_001 - TS_041)","saucedemo-detailed-scenarios.spec.ts","",""
"","2214","TS_028 Shopping Cart - Continue Shopping","chromium","2026-09-07","passed","2026-09-07","SauceDemo Detailed Scenarios (TS_001 - TS_041)","saucedemo-detailed-scenarios.spec.ts","",""
"","8090","TS_041 Logout - Verify Access Restriction After Logout","chromium","2026-09-07","failed","2026-09-07","SauceDemo Detailed Scenarios (TS_001 - TS_041)","saucedemo-detailed-scenarios.spec.ts","",""
"","4067","TS_025 Add to Cart - Remove Product from Products Page","chromium","2026-09-07","passed","2026-09-07","SauceDemo Detailed Scenarios (TS_001 - TS_041)","saucedemo-detailed-scenarios.spec.ts","",""
"","2492","TS_010 Login - Session Persistence Validation","chromium","2026-09-07","passed","2026-09-07","SauceDemo Detailed Scenarios (TS_001 - TS_041)","saucedemo-detailed-scenarios.spec.ts","",""
"","6873","TS_008 Login - Performance Glitch User Login","chromium","2026-09-07","passed","2026-09-07","SauceDemo Detailed Scenarios (TS_001 - TS_041)","saucedemo-detailed-scenarios.spec.ts","",""
"","8455","TS_020 Product Details - Verify Product Information","chromium","2026-09-07","passed","2026-09-07","SauceDemo Detailed Scenarios (TS_001 - TS_041)","saucedemo-detailed-scenarios.spec.ts","",""
"","3478","TS_040 Logout - Successful Logout","chromium","2026-09-07","passed","2026-09-07","SauceDemo Detailed Scenarios (TS_001 - TS_041)","saucedemo-detailed-scenarios.spec.ts","",""
"","5377","TS_004 Login - Empty Password","chromium","2026-09-07","passed","2026-09-07","SauceDemo Detailed Scenarios (TS_001 - TS_041)","saucedemo-detailed-scenarios.spec.ts","",""
"","3189","TS_036 Checkout Overview - Verify Tax Calculation","chromium","2026-09-07","passed","2026-09-07","SauceDemo Detailed Scenarios (TS_001 - TS_041)","saucedemo-detailed-scenarios.spec.ts","",""
"","2883","TS_001 Login - Valid Login with standard_user","chromium","2026-09-07","passed","2026-09-07","SauceDemo Detailed Scenarios (TS_001 - TS_041)","saucedemo-detailed-scenarios.spec.ts","",""
"","1398","TS_003 Login - Empty Username","chromium","2026-09-07","passed","2026-09-07","SauceDemo Detailed Scenarios (TS_001 - TS_041)","saucedemo-detailed-scenarios.spec.ts","",""
"","1502","TS_012 Products Page - Verify Product Name Display","chromium","2026-09-07","passed","2026-09-07","SauceDemo Detailed Scenarios (TS_001 - TS_041)","saucedemo-detailed-scenarios.spec.ts","",""
"","5182","TS_006 Login - Locked Out User Validation","chromium","2026-09-07","passed","2026-09-07","SauceDemo Detailed Scenarios (TS_001 - TS_041)","saucedemo-detailed-scenarios.spec.ts","",""
"","4102","TS_026 Shopping Cart - Verify Added Products in Cart","chromium","2026-09-07","passed","2026-09-07","SauceDemo Detailed Scenarios (TS_001 - TS_041)","saucedemo-detailed-scenarios.spec.ts","",""
"","1916","TS_007 Login - Problem User Login","chromium","2026-09-07","passed","2026-09-07","SauceDemo Detailed Scenarios (TS_001 - TS_041)","saucedemo-detailed-scenarios.spec.ts","",""
"","3787","TS_038 Order Completion - Complete Purchase Successfully","chromium","2026-09-07","passed","2026-09-07","SauceDemo Detailed Scenarios (TS_001 - TS_041)","saucedemo-detailed-scenarios.spec.ts","",""
"","1271","TS_016 Products Page - Sort Price Low-High","chromium","2026-09-07","passed","2026-09-07","SauceDemo Detailed Scenarios (TS_001 - TS_041)","saucedemo-detailed-scenarios.spec.ts","",""
"","1824","TS_017 Products Page - Sort Price High-Low","chromium","2026-09-07","passed","2026-09-07","SauceDemo Detailed Scenarios (TS_001 - TS_041)","saucedemo-detailed-scenarios.spec.ts","",""
"","4106","TS_024 Add to Cart - Verify Cart Badge Count","chromium","2026-09-07","passed","2026-09-07","SauceDemo Detailed Scenarios (TS_001 - TS_041)","saucedemo-detailed-scenarios.spec.ts","",""
"","1780","TS_009 Login - Error Message Validation","chromium","2026-09-07","passed","2026-09-07","SauceDemo Detailed Scenarios (TS_001 - TS_041)","saucedemo-detailed-scenarios.spec.ts","",""
"","1376","TS_015 Products Page - Sort Name Z-A","chromium","2026-09-07","passed","2026-09-07","SauceDemo Detailed Scenarios (TS_001 - TS_041)","saucedemo-detailed-scenarios.spec.ts","",""
"","1936","TS_035 Checkout Overview - Verify Product Summary","chromium","2026-09-07","passed","2026-09-07","SauceDemo Detailed Scenarios (TS_001 - TS_041)","saucedemo-detailed-scenarios.spec.ts","",""
"","1644","TS_002 Login - Invalid Login","chromium","2026-09-07","passed","2026-09-07","SauceDemo Detailed Scenarios (TS_001 - TS_041)","saucedemo-detailed-scenarios.spec.ts","",""
"","1442","TS_013 Products Page - Verify Product Price Display","chromium","2026-09-07","passed","2026-09-07","SauceDemo Detailed Scenarios (TS_001 - TS_041)","saucedemo-detailed-scenarios.spec.ts","",""
"","1507","TS_014 Products Page - Sort Name A-Z","chromium","2026-09-07","passed","2026-09-07","SauceDemo Detailed Scenarios (TS_001 - TS_041)","saucedemo-detailed-scenarios.spec.ts","",""
"","1996","TS_033 Checkout Information - Empty Postal Code","chromium","2026-09-07","passed","2026-09-07","SauceDemo Detailed Scenarios (TS_001 - TS_041)","saucedemo-detailed-scenarios.spec.ts","",""
"","2579","TS_032 Checkout Information - Empty Last Name","chromium","2026-09-07","passed","2026-09-07","SauceDemo Detailed Scenarios (TS_001 - TS_041)","saucedemo-detailed-scenarios.spec.ts","",""
"","7459","TS_022 Add to Cart - Add Single Product","chromium","2026-09-07","passed","2026-09-07","SauceDemo Detailed Scenarios (TS_001 - TS_041)","saucedemo-detailed-scenarios.spec.ts","",""
"","1769","TS_011 Products Page - Verify Product List Display","chromium","2026-09-07","passed","2026-09-07","SauceDemo Detailed Scenarios (TS_001 - TS_041)","saucedemo-detailed-scenarios.spec.ts","",""
"","2795","TS_001 Login - Valid Login with problem_user","chromium","2026-09-07","passed","2026-09-07","SauceDemo Detailed Scenarios (TS_001 - TS_041)","saucedemo-detailed-scenarios.spec.ts","",""
"","2275","TS_034 Checkout Information - Verify Mandatory Field Error Messages","chromium","2026-09-07","passed","2026-09-07","SauceDemo Detailed Scenarios (TS_001 - TS_041)","saucedemo-detailed-scenarios.spec.ts","",""
"","5504","TS_005 Login - Empty Username and Password","chromium","2026-09-07","passed","2026-09-07","SauceDemo Detailed Scenarios (TS_001 - TS_041)","saucedemo-detailed-scenarios.spec.ts","",""
"","2365","TS_018 Products Page - Verify Product Inventory Display","chromium","2026-09-07","passed","2026-09-07","SauceDemo Detailed Scenarios (TS_001 - TS_041)","saucedemo-detailed-scenarios.spec.ts","",""
"","2301","TS_029 Shopping Cart - Verify Cart Persistence","chromium","2026-09-07","passed","2026-09-07","SauceDemo Detailed Scenarios (TS_001 - TS_041)","saucedemo-detailed-scenarios.spec.ts","",""
"","7437","TS_023 Add to Cart - Add Multiple Products","chromium","2026-09-07","passed","2026-09-07","SauceDemo Detailed Scenarios (TS_001 - TS_041)","saucedemo-detailed-scenarios.spec.ts","",""
"","2159","TS_031 Checkout Information - Empty First Name","chromium","2026-09-07","passed","2026-09-07","SauceDemo Detailed Scenarios (TS_001 - TS_041)","saucedemo-detailed-scenarios.spec.ts","",""
"","3005","TS_001 Login - Valid Login with error_user","chromium","2026-09-07","passed","2026-09-07","SauceDemo Detailed Scenarios (TS_001 - TS_041)","saucedemo-detailed-scenarios.spec.ts","",""
"","3942","TS_037 Checkout Overview - Verify Total Amount Calculation","chromium","2026-09-07","passed","2026-09-07","SauceDemo Detailed Scenarios (TS_001 - TS_041)","saucedemo-detailed-scenarios.spec.ts","",""
"","7659","TS_021 Product Details - Navigate Back to Products","chromium","2026-09-07","passed","2026-09-07","SauceDemo Detailed Scenarios (TS_001 - TS_041)","saucedemo-detailed-scenarios.spec.ts","",""
"","1897","TS_001 Login - Valid Login with visual_user","chromium","2026-09-07","passed","2026-09-07","SauceDemo Detailed Scenarios (TS_001 - TS_041)","saucedemo-detailed-scenarios.spec.ts","",""
"","2254","TS_019 Product Details - Open Product Detail Page","chromium","2026-09-07","passed","2026-09-07","SauceDemo Detailed Scenarios (TS_001 - TS_041)","saucedemo-detailed-scenarios.spec.ts","",""
"","4055","TS_027 Shopping Cart - Remove Product from Cart","chromium","2026-09-07","passed","2026-09-07","SauceDemo Detailed Scenarios (TS_001 - TS_041)","saucedemo-detailed-scenarios.spec.ts","",""
"","8094","TS_001 Login - Valid Login with performance_glitch_user","chromium","2026-09-07","passed","2026-09-07","SauceDemo Detailed Scenarios (TS_001 - TS_041)","saucedemo-detailed-scenarios.spec.ts","",""
"","2314","TS_030 Checkout Information - Valid Checkout Information","chromium","2026-09-07","passed","2026-09-07","SauceDemo Detailed Scenarios (TS_001 - TS_041)","saucedemo-detailed-scenarios.spec.ts","",""
